{
  "baseline": {
    "Apple": 20.251795354134664,
    "Microsoft": 21.844152694487132,
    "Amazon": 4.1846601613848415,
    "Alphabet": 10.597206742345243,
    "Meta": 9.121133338831356,
    "Tesla": 22.139845625523613,
    "NVIDIA": 9.5423649336027,
    "Netflix": 9.828205636956412,
    "AMD": 13.716381190425672,
    "Intel": 13.587918635893791,
    "Salesforce": 1.401433047861405,
    "Adobe": 7.490242123149988e-08,
    "Uber": 0.5914369282199403,
    "Airbnb": 1.9655813553842816,
    "Spotify": 0.36630999869328884,
    "PayPal": 1.5415106013859938,
    "Square": 1.9097666196094623e-06,
    "Coinbase": 41.82135635474535,
    "Robinhood": 1.013219148492146,
    "Palantir": 2.770870874585169,
    "Snowflake": 0.0,
    "CrowdStrike": 1.6089324736194284,
    "Zoom": 7.030458416990972e-08,
    "Slack": 7.037742411468092,
    "DocuSign": 2.001157438162121e-22,
    "Peloton": 0.0,
    "Beyond Meat": 0.0,
    "Moderna": 1.5189358940781013,
    "Pfizer": 2.9571682722173924,
    "Johnson & Johnson": 4.576563743269219,
    "Walmart": 5.501550315660891,
    "Target": 2.496095096217106,
    "Costco": 3.762893427131062,
    "Home Depot": 0.5914369664224531,
    "Nike": 1.1551333604658602,
    "Adidas": 0.0,
    "Coca-Cola": 2.962517816293255,
    "PepsiCo": 0.29571570000001113,
    "McDonald's": 0.00027226262003067806,
    "Starbucks": 0.8485877404780153,
    "Disney": 6.801499932035709,
    "Warner Bros Discovery": 9.40542818241917,
    "Comcast": 3.266583530128653,
    "AT&T": 23.28257303960239,
    "Verizon": 0.2957184641099845,
    "T-Mobile": 0.29571846410997016,
    "Ford": 3.1286096861951194,
    "General Motors": 4.783192730925311,
    "Rivian": 4.474331200932636,
    "Lucid Motors": 0.08571732765284543,
    "ChargePoint": 0.0,
    "American Express": 0.0,
    "Visa": 0.08572146528864424,
    "Mastercard": 2.0975677110749873e-07,
    "JPMorgan Chase": 0.5957157000005513,
    "Bank of America": 0.5957157004744007,
    "Wells Fargo": 1.5685886824286137,
    "Goldman Sachs": 11.653380659364224,
    "Morgan Stanley": 1.2628072910720556,
    "Berkshire Hathaway": 4.5789890837271665,
    "ExxonMobil": 13.935535487118377,
    "Chevron": 15.681044192484986,
    "ConocoPhillips": 13.935535487118377,
    "Marathon Petroleum": 0.0,
    "Valero": 0.0,
    "NextEra Energy": 15.634448531581937,
    "Duke Energy": 2.284297805912711,
    "Dominion Energy": 9.77057570605523,
    "American Electric Power": 0.29571732765389336,
    "Southern Company": 7.1814979791848925,
    "UnitedHealth": 9.170119279994763,
    "Anthem": 2.315316147943433,
    "Humana": 4.222469267362223,
    "CVS Health": 2.945316361954543,
    "Walgreens": 0.2100002140089851,
    "Rite Aid": 0.4200002140089851,
    "Abbott": 4.450495446117163,
    "Medtronic": 2.6705179255308756e-06,
    "Boston Scientific": 0.0,
    "Intuitive Surgical": 4.2921407059095704e-14,
    "Illumina": 2.4374502846858628e-20,
    "Thermo Fisher": 3.802319275625997e-22,
    "Danaher": 0.2957173276528454,
    "Agilent": 130.0484897010511,
    "Waters": 0.5914346553077867,
    "PerkinElmer": 0.5561383276528453,
    "Mettler Toledo": 0.0,
    "Caterpillar": 1.1180334084616697,
    "Deere": 0.6814358299663763,
    "3M": 0.0,
    "General Electric": 6.759058547222976,
    "Honeywell": 2.6867747215024496,
    "Lockheed Martin": 2.7867895974228727,
    "Boeing": 2.1430770056024917,
    "Raytheon": 4.987158297282456,
    "Northrop Grumman": 1.0971545219863958,
    "General Dynamics": 1.8717117114181745,
    "L3Harris": 3.1167582904452633,
    "BAE Systems": 2.7060869956058187,
    "Broadcom": 1.5188016524386305,
    "Qualcomm": 0.5914369282199546,
    "Texas Instruments": 0.6771526985256016,
    "Analog Devices": 1.0771618141768656e-12,
    "Marvell Technology": 2.1146541121334437,
    "Advanced Micro Devices": 9.562510159399308,
    "Micron Technology": 3.7218086201616356,
    "Applied Materials": 1.0948097241253287,
    "KLA Corporation": 0.0,
    "Lam Research": 1.02,
    "ASML Holding": 0.6360681012444813,
    "Cadence Design": 1.5730014950268863e-08,
    "Synopsys": 5.2430971302530624e-08,
    "Autodesk": 0.21,
    "ServiceNow": 28.280710197493452,
    "Workday": 0.0,
    "Datadog": 0.29571732765389336,
    "Splunk": 3.6343275710516747,
    "Palo Alto Networks": 1.6089324736199684,
    "Fortinet": 1.6089324736194226,
    "Check Point Software": 1.6089324736194226,
    "Zscaler": 2.6078739168284763e-07,
    "Okta": 0.0,
    "Verisign": 0.0,
    "Akamai Technologies": 0.0,
    "Cloudflare": 1.3928716585378809,
    "MongoDB": 0.0,
    "Elastic": 0.9224447621636163,
    "Confluent": 0.0,
    "GitLab": 0.8957173276538933,
    "JFrog": 0.0,
    "Unity Software": 14.027329884200599,
    "Roblox": 5.6096591098845446e-15,
    "Electronic Arts": 6.510069149183245,
    "Activision Blizzard": 4.521483471407377,
    "Take-Two Interactive": 3.042896914384453,
    "Roku": 4.907966541116921,
    "Charter Communications": 0.9728726606382484,
    "Lumen Technologies": 1.1014346553088346,
    "Cogent Communications": 0.6771541965293262,
    "Sirius XM": 0.5914369282199403,
    "iHeartMedia": 0.0,
    "Live Nation": 1.18286768296168,
    "AMC Entertainment": 1.020003223845661,
    "Cinemark": 0.51,
    "IMAX": 1.18286768296168,
    "DraftKings": 4.719318874160331e-08,
    "FanDuel": 1.6028674076905465,
    "Penn Entertainment": 3.042896914384453,
    "MGM Resorts": 3.432867698692748,
    "Las Vegas Sands": 0.5100000000000025,
    "Wynn Resorts": 2.0400000157310627,
    "Caesars Entertainment": 0.5100000157310629,
    "Boyd Gaming": 1.2706235710700249,
    "Red Rock Resorts": 0.0,
    "Golden Entertainment": 0.2957186457890875,
    "Marriott International": 1.8600259329936168,
    "Hilton Worldwide": 1.8600259329936168,
    "Hyatt Hotels": 0.5914358853569842,
    "Wyndham Hotels": 0.21000000000001146,
    "Choice Hotels": 5.609672845204811e-15,
    "Extended Stay America": 1.774307375291582,
    "Booking Holdings": 1.8600259329936053,
    "Expedia Group": 1.8600263429267614,
    "TripAdvisor": 1.8600259329936053,
    "Trivago": 1.8600259329936053,
    "MakeMyTrip": 3.132033122268878,
    "TUI": 2.464217518117499,
    "Carnival Corporation": 0.6041932127777867,
    "Royal Caribbean": 0.8999089127777724,
    "Norwegian Cruise Line": 0.6041915851238934,
    "Delta Air Lines": 2.4557416329936053,
    "American Airlines": 2.370025932993605,
    "United Airlines": 2.8800259329936053,
    "Southwest Airlines": 2.370025932993605,
    "JetBlue Airways": 0.8057240894559663,
    "Alaska Air Group": 0.51,
    "Spirit Airlines": 0.5100001161646861,
    "Frontier Airlines": 0.51,
    "Allegiant Travel": 0.51,
    "Sun Country Airlines": 1.1014330276538933,
    "Hawaiian Airlines": 0.5503523076518855,
    "Copa Holdings": 1.2912629999999998,
    "Gol Linhas Aereas": 2.32893988068033,
    "Azul": 3.5950081778318417,
    "VistaJet": 2.7641099702171097e-06,
    "NetJets": 2.7641099702171097e-06,
    "FlightSafety International": 2.7641099702171097e-06,
    "CAE": 1.097157286096366,
    "Textron": 0.8024816453761241,
    "Bombardier": 5.77702357134168,
    "Embraer": 1.8996361673625195,
    "Airbus": 0.8024816453761239,
    "Rolls-Royce": 2.155315598404133,
    "Safran": 0.8024816453761239,
    "MTU Aero Engines": 1.6049632907522478,
    "Parker-Hannifin": 2.1963979460600345,
    "Woodward": 14.345767659722162,
    "Hexcel": 1.6049632907522478,
    "Spirit AeroSystems": 0.8024816453761239,
    "Triumph Group": 1.6049632907522478,
    "HEICO": 2.7878348742799743,
    "TransDigm Group": 1.6049632907522478,
    "AAR Corp": 2.4928528653176594,
    "Textron Aviation": 0.8024816453761239,
    "Gulfstream Aerospace": 0.8024816453761239,
    "Dassault Aviation": 0.8024816453761239,
    "Pilatus Aircraft": 0.8024816453761239
  }
}