{
  "baseline": {
    "Apple": 2.0006070028805776,
    "Microsoft": 1.596533155479318,
    "Amazon": 0.00040884213539431764,
    "Alphabet": 0.08621815254061109,
    "Meta": 0.0007592658735437596,
    "Tesla": 2.8039157946015414,
    "NVIDIA": 7.209783103435319,
    "Netflix": 1.9985814120347771,
    "AMD": 5.413404763243152,
    "Intel": 0.6979148487744764,
    "Salesforce": 0.682583416325845,
    "Adobe": 2.0808025382380332e-05,
    "Uber": 0.0,
    "Airbnb": 0.9999993477249345,
    "Spotify": 8.761860755754449e-05,
    "PayPal": 1.4671587547154452,
    "Square": 4.078502874872096e-05,
    "Coinbase": 35.473747774664986,
    "Robinhood": 3.298596341811282e-05,
    "Palantir": 1.1719750916463334,
    "Snowflake": 0.0,
    "CrowdStrike": 1.9900603586193784,
    "Zoom": 4.2308807610875306e-05,
    "Slack": 1.9999687179392187,
    "DocuSign": 3.0316100357556917e-07,
    "Peloton": 0.0,
    "Beyond Meat": 0.0,
    "Moderna": 0.7596650373966182,
    "Pfizer": 0.9995107363430091,
    "Johnson & Johnson": 3.9943805592378663,
    "Walmart": 1.0001955592991527,
    "Target": 0.9998315648939311,
    "Costco": 1.8688067448616534,
    "Home Depot": 9.23470079450069e-05,
    "Nike": 5.97153970410638,
    "Adidas": 0.0,
    "Coca-Cola": 3.011881062905876,
    "PepsiCo": 1.9993123538656934,
    "McDonald's": 0.0,
    "Starbucks": 1.5217899067995195,
    "Disney": 0.0004122686129318136,
    "Warner Bros Discovery": 2.8955870011837175,
    "Comcast": 0.9999993471290829,
    "AT&T": 1.22499489815277,
    "Verizon": 2.0808025382380332e-05,
    "T-Mobile": 2.0808025382380332e-05,
    "Ford": 0.00013735143400935164,
    "General Motors": 0.0002738671099278616,
    "Rivian": 0.00037264433185027604,
    "Lucid Motors": 0.0,
    "ChargePoint": 0.0,
    "American Express": 0.0,
    "Visa": 0.999731464989329,
    "Mastercard": 0.9996848255005784,
    "JPMorgan Chase": 0.9996503021507188,
    "Bank of America": 1.999307055107673,
    "Wells Fargo": 0.999744407706999,
    "Goldman Sachs": 12.530126005140215,
    "Morgan Stanley": 2.9979225380998398,
    "Berkshire Hathaway": 2.0123808414319697,
    "ExxonMobil": 5.399495418044655,
    "Chevron": 5.399495418044655,
    "ConocoPhillips": 5.740894851445387,
    "Marathon Petroleum": 0.0,
    "Valero": 0.0,
    "NextEra Energy": 0.0009893258497745622,
    "Duke Energy": 0.000111003573121225,
    "Dominion Energy": 0.0010941181985280916,
    "American Electric Power": 2.0808025382380332e-05,
    "Southern Company": 1.9906366499869788,
    "UnitedHealth": 2.999294584950869,
    "Anthem": 0.000187272228441423,
    "Humana": 0.00024969500915419376,
    "CVS Health": 0.00018727093300705276,
    "Walgreens": 0.0,
    "Rite Aid": 0.0,
    "Abbott": 2.9991281207478098,
    "Medtronic": 0.0,
    "Boston Scientific": 0.0,
    "Intuitive Surgical": 0.0,
    "Illumina": 3.692562416026452e-05,
    "Thermo Fisher": 5.76024107614527e-07,
    "Danaher": 0.0,
    "Agilent": 30.196264339415503,
    "Waters": 4.1616050764760664e-05,
    "PerkinElmer": 0.0,
    "Mettler Toledo": 0.0,
    "Caterpillar": 0.9996567542523884,
    "Deere": 0.00011654670338840472,
    "3M": 0.0,
    "General Electric": 2.0089986154054453,
    "Honeywell": 0.0010121562943698845,
    "Lockheed Martin": 1.0130830733905787,
    "Boeing": 0.0005060878032413536,
    "Raytheon": 1.0133774566872253,
    "Northrop Grumman": 0.00020747857009626415,
    "General Dynamics": 0.0005060878032413536,
    "L3Harris": 0.00039001168761541833,
    "BAE Systems": 0.9999567382301748,
    "Broadcom": 0.0001258428729941441,
    "Qualcomm": 4.1616050764760664e-05,
    "Texas Instruments": 0.00010354870589775836,
    "Analog Devices": 0.0,
    "Marvell Technology": 0.9997214950357829,
    "Advanced Micro Devices": 2.7069152009009505,
    "Micron Technology": 2.0702042515664,
    "Applied Materials": 0.0,
    "KLA Corporation": 0.0,
    "Lam Research": 0.0,
    "ASML Holding": 0.8906555573337804,
    "Cadence Design": 0.0,
    "Synopsys": 0.0,
    "Autodesk": 1.4478190089013316e-05,
    "ServiceNow": 7.427466951645666,
    "Workday": 0.0,
    "Datadog": 2.0808025382380332e-05,
    "Splunk": 0.5146362575482204,
    "Palo Alto Networks": 0.9997492596600785,
    "Fortinet": 0.9997492596600785,
    "Check Point Software": 0.9997492596600785,
    "Zscaler": 1.999317105058891,
    "Okta": 0.0,
    "Verisign": 0.0,
    "Akamai Technologies": 0.0,
    "Cloudflare": 0.00011547100032634748,
    "MongoDB": 0.0,
    "Elastic": 0.9996614028869735,
    "Confluent": 0.0,
    "GitLab": 0.0,
    "JFrog": 0.0,
    "Unity Software": 4.7890831159824225,
    "Roblox": 0.9983715864020892,
    "Electronic Arts": 0.9999940652782313,
    "Activision Blizzard": 0.9999599040641185,
    "Take-Two Interactive": 0.9998692171259369,
    "Roku": 0.00033323286255603103,
    "Charter Communications": 9.08609851370156e-05,
    "Lumen Technologies": 0.001364012686227737,
    "Cogent Communications": 9.08609851370156e-05,
    "Sirius XM": 2.0808025382380332e-05,
    "iHeartMedia": 0.0,
    "Live Nation": 4.161475533039044e-05,
    "AMC Entertainment": 0.0,
    "Cinemark": 0.0,
    "IMAX": 4.161475533039044e-05,
    "DraftKings": 9.466427037833735e-05,
    "FanDuel": 0.0001101575049834884,
    "Penn Entertainment": 0.9998692171259369,
    "MGM Resorts": 0.9984548159127502,
    "Las Vegas Sands": 0.7595864944262588,
    "Wynn Resorts": 2.080672994801011e-05,
    "Caesars Entertainment": 2.080672994801011e-05,
    "Boyd Gaming": 4.1616050764760664e-05,
    "Red Rock Resorts": 0.0,
    "Golden Entertainment": 9.466841424140655e-05,
    "Marriott International": 1.9969949254210824,
    "Hilton Worldwide": 1.9969949254210824,
    "Hyatt Hotels": 4.983892554384596,
    "Wyndham Hotels": 2.338156375257033,
    "Choice Hotels": 0.9983923944274717,
    "Extended Stay America": 0.9985946258421698,
    "Booking Holdings": 0.00021013656613905516,
    "Expedia Group": 0.00021013656613905516,
    "TripAdvisor": 0.00021013656613905516,
    "Trivago": 0.00021013656613905516,
    "MakeMyTrip": 0.00021013656613905516,
    "TUI": 0.00021013786157342537,
    "Carnival Corporation": 2.0809320816750556e-05,
    "Royal Caribbean": 1.4479485523383543e-05,
    "Norwegian Cruise Line": 1.2954343702189266e-09,
    "Delta Air Lines": 0.00023792895562651763,
    "American Airlines": 0.00023792895562651763,
    "United Airlines": 0.00023792895562651763,
    "Southwest Airlines": 0.00021013656613905516,
    "JetBlue Airways": 0.0,
    "Alaska Air Group": 0.0,
    "Spirit Airlines": 0.0,
    "Frontier Airlines": 0.0,
    "Allegiant Travel": 0.0,
    "Sun Country Airlines": 5.773964402624293e-05,
    "Hawaiian Airlines": 2.0956895889020671e-07,
    "Copa Holdings": 0.0,
    "Gol Linhas Aereas": 0.9997722239572804,
    "Azul": 1.9994497877880457,
    "VistaJet": 0.0013215193009723152,
    "NetJets": 0.0013215193009723152,
    "FlightSafety International": 0.0013215193009723152,
    "CAE": 0.0015289978710685797,
    "Textron": 0.32967674893450305,
    "Bombardier": 2.523255872704929,
    "Embraer": 0.013461628658154689,
    "Airbus": 0.013233339214247348,
    "Rolls-Royce": 0.026466678428494695,
    "Safran": 0.013233339214247348,
    "MTU Aero Engines": 0.026466678428494695,
    "Parker-Hannifin": 0.026508294479259464,
    "Woodward": 4.426089735492723,
    "Hexcel": 0.026466678428494695,
    "Spirit AeroSystems": 0.013233339214247348,
    "Triumph Group": 0.026466678428494695,
    "HEICO": 0.026582149428821044,
    "TransDigm Group": 0.026466678428494695,
    "AAR Corp": 1.0129703772692162,
    "Textron Aviation": 0.1714550440743752,
    "Gulfstream Aerospace": 0.013233339214247348,
    "Dassault Aviation": 0.013233339214247348,
    "Pilatus Aircraft": 0.013233339214247348
  }
}