{
  "baseline": {
    "Apple": 5.938007943824647,
    "Microsoft": 4.74716857395886,
    "Amazon": 2.280404756503712,
    "Alphabet": 8.237845686232486,
    "Meta": 2.5529523897057276,
    "Tesla": 10.194164705463631,
    "NVIDIA": 12.142466077872497,
    "Netflix": 1.7450653102838212,
    "AMD": 7.604644391776519,
    "Intel": 2.5377309095530216,
    "Salesforce": 1.1238041691217826,
    "Adobe": 0.2916638713246875,
    "Uber": 0.6818355270598125,
    "Airbnb": 1.0666477503758398,
    "Spotify": 1.126009585635246,
    "PayPal": 0.06000099000107869,
    "Square": 4.112605353542605e-10,
    "Coinbase": 51.759424931082464,
    "Robinhood": 7.789041971045945e-11,
    "Palantir": 0.47910790560853317,
    "Snowflake": 1.0127030814957405,
    "CrowdStrike": 3.173383590764796,
    "Zoom": 2.4227792310805028e-23,
    "Slack": 0.9732241190279735,
    "DocuSign": 1.9566060026206924,
    "Peloton": 9.747348738352995e-107,
    "Beyond Meat": 0.03510242032076101,
    "Moderna": 1.1066039693397078,
    "Pfizer": 0.47917539160241573,
    "Johnson & Johnson": 1.7610213394898926,
    "Walmart": 2.023755996553147,
    "Target": 2.290875614498354,
    "Costco": 3.7818907272737237,
    "Home Depot": 0.14083834866244685,
    "Nike": 1.3666381531530945e-07,
    "Adidas": 6.833190765765472e-08,
    "Coca-Cola": 1.4942140072590817,
    "PepsiCo": 4.21726492993998e-65,
    "McDonald's": 1.0151580582324887e-126,
    "Starbucks": 0.07009170959493248,
    "Disney": 1.675258255170692,
    "Warner Bros Discovery": 3.862601585857375,
    "Comcast": 3.766682175103136,
    "AT&T": 11.764409199003637,
    "Verizon": 0.3789219153093127,
    "T-Mobile": 0.07755223226245121,
    "Ford": 0.41094372491048364,
    "General Motors": 0.41262293982523274,
    "Rivian": 2.1880269581107883,
    "Lucid Motors": 0.21775968093495143,
    "ChargePoint": 3.218127237987082e-70,
    "American Express": 1.3252612587309568e-66,
    "Visa": 0.2811721512779271,
    "Mastercard": 0.9423519899999997,
    "JPMorgan Chase": 3.5583381173746644e-13,
    "Bank of America": 2.7462891346940386,
    "Wells Fargo": 3.5583381173746644e-13,
    "Goldman Sachs": 8.765518287114915,
    "Morgan Stanley": 0.12853086861909133,
    "Berkshire Hathaway": 1.766418286670187,
    "ExxonMobil": 5.238256410747897,
    "Chevron": 5.52458904682869,
    "ConocoPhillips": 5.366229577496274,
    "Marathon Petroleum": 0.0,
    "Valero": 8.007410474432853e-127,
    "NextEra Energy": 4.726239044681624,
    "Duke Energy": 1.8770768615794575,
    "Dominion Energy": 4.49777314698883,
    "American Electric Power": 0.4065743591060776,
    "Southern Company": 1.9771674675935678,
    "UnitedHealth": 2.6298219561420293,
    "Anthem": 0.6627176134233338,
    "Humana": 1.6203593283339663,
    "CVS Health": 0.6627176134236896,
    "Walgreens": 1.2141456103337506e-66,
    "Rite Aid": 0.2722038791823658,
    "Abbott": 1.8520431450724493,
    "Medtronic": 0.0775522322624518,
    "Boston Scientific": 8.567350268338801e-115,
    "Intuitive Surgical": 3.617084926182714e-153,
    "Illumina": 0.9790072557885516,
    "Thermo Fisher": 0.06871348410473861,
    "Danaher": 0.196686618793026,
    "Agilent": 62.329832369981744,
    "Waters": 1.334777434030479e-68,
    "PerkinElmer": 0.5912004999818168,
    "Mettler Toledo": 0.0,
    "Caterpillar": 4.406594943666999,
    "Deere": 1.9412730927565072,
    "3M": 1.2665187327157373e-33,
    "General Electric": 1.9159053163151036,
    "Honeywell": 2.0902360593446536,
    "Lockheed Martin": 1.915594956301693,
    "Boeing": 1.9733321482438333,
    "Raytheon": 3.8022284576004957,
    "Northrop Grumman": 0.9374881864917608,
    "General Dynamics": 1.9733321482438333,
    "L3Harris": 3.190025829598172,
    "BAE Systems": 2.189120031222167,
    "Broadcom": 1.1444674248366111,
    "Qualcomm": 0.7212593602543801,
    "Texas Instruments": 0.17187041244046689,
    "Analog Devices": 0.040249135527649055,
    "Marvell Technology": 4.0785503331661985,
    "Advanced Micro Devices": 5.176573722406332,
    "Micron Technology": 2.5546602567860224,
    "Applied Materials": 3.193892226371812e-30,
    "KLA Corporation": 1.7930479168246706e-11,
    "Lam Research": 6.540409426749347e-69,
    "ASML Holding": 9.233297301216432e-54,
    "Cadence Design": 0.12764489905457604,
    "Synopsys": 2.4644602679645633,
    "Autodesk": 8.413880466080173e-06,
    "ServiceNow": 9.150897117843957,
    "Workday": 3.967707339484984e-24,
    "Datadog": 0.06788292483789689,
    "Splunk": 1.9329239190994172,
    "Palo Alto Networks": 1.2516318447304065,
    "Fortinet": 1.2524863587963961,
    "Check Point Software": 1.2516318447304065,
    "Zscaler": 1.1118664903824105,
    "Okta": 1.1631673642512472,
    "Verisign": 1.088781657993286e-133,
    "Akamai Technologies": 1.4915844882063318e-53,
    "Cloudflare": 0.0799811660668099,
    "MongoDB": 1.0023529924377645,
    "Elastic": 0.5402543670434369,
    "Confluent": 5.30553629675428e-114,
    "GitLab": 0.7855220985661758,
    "JFrog": 6.012881225796486e-115,
    "Unity Software": 4.3327404752774425,
    "Roblox": 0.12797323226245177,
    "Electronic Arts": 1.4225028114116702,
    "Activision Blizzard": 2.532262091968822,
    "Take-Two Interactive": 1.491216295514985,
    "Roku": 1.333874708176131,
    "Charter Communications": 0.34766083721063507,
    "Lumen Technologies": 1.125536478401762,
    "Cogent Communications": 0.27485403420303395,
    "Sirius XM": 0.12797320016037983,
    "iHeartMedia": 1.8847039799999994,
    "Live Nation": 0.07024196701561415,
    "AMC Entertainment": 1.7681676599581421e-68,
    "Cinemark": 1.7681676599581421e-68,
    "IMAX": 0.07024196701561415,
    "DraftKings": 5.881692802934198e-69,
    "FanDuel": 1.4410940849344247,
    "Penn Entertainment": 1.3625018214106024,
    "MGM Resorts": 0.07024196701561415,
    "Las Vegas Sands": 0.21803664926583521,
    "Wynn Resorts": 0.28633176586739495,
    "Caesars Entertainment": 1.8374277393239912e-65,
    "Boyd Gaming": 0.06871348410438277,
    "Red Rock Resorts": 7.355129971082314e-05,
    "Golden Entertainment": 0.9423519899999997,
    "Marriott International": 0.3492880688993413,
    "Hilton Worldwide": 0.3471046653609185,
    "Hyatt Hotels": 1.2422390020936779e-08,
    "Wyndham Hotels": 2.3834683143274836e-65,
    "Choice Hotels": 1.1917341571637418e-65,
    "Extended Stay America": 1.7009272552245986,
    "Booking Holdings": 0.3471046529459146,
    "Expedia Group": 0.3471046529459146,
    "TripAdvisor": 0.41616017223812335,
    "Trivago": 0.3471046529459146,
    "MakeMyTrip": 0.3471046529459146,
    "TUI": 0.3471046529459146,
    "Carnival Corporation": 8.668693535919186e-115,
    "Royal Caribbean": 0.9781067698099326,
    "Norwegian Cruise Line": 8.669845491108556e-115,
    "Delta Air Lines": 0.36412191937125327,
    "American Airlines": 0.36412191937125327,
    "United Airlines": 0.36412191937125327,
    "Southwest Airlines": 0.4245306311553918,
    "JetBlue Airways": 0.00871249410473863,
    "Alaska Air Group": 0.00871249410473863,
    "Spirit Airlines": 0.3028182782056078,
    "Frontier Airlines": 0.00871249410473863,
    "Allegiant Travel": 0.00871249410473863,
    "Sun Country Airlines": 0.00871249410473863,
    "Hawaiian Airlines": 0.3472637617900499,
    "Copa Holdings": 0.00871249410473863,
    "Gol Linhas Aereas": 0.16861727577992294,
    "Azul": 1.1254332874379447,
    "VistaJet": 3.586571913281895e-114,
    "NetJets": 3.586571913281895e-114,
    "FlightSafety International": 3.586571913281895e-114,
    "CAE": 0.9374881864917608,
    "Textron": 0.9781067698099326,
    "Bombardier": 6.964240429905727,
    "Embraer": 1.915594956301693,
    "Airbus": 2.1167667913198933,
    "Rolls-Royce": 2.1282151645887897,
    "Safran": 0.9781067698099326,
    "MTU Aero Engines": 1.9562135396198652,
    "Parker-Hannifin": 1.9562135396198652,
    "Woodward": 4.616122845734466,
    "Hexcel": 1.9562135396198652,
    "Spirit AeroSystems": 0.9781067698099326,
    "Triumph Group": 1.9562135396198652,
    "HEICO": 1.9562135396198652,